-- --------------------------------------------------------
-- Host:                         127.0.0.1
-- Versión del servidor:         10.6.7-MariaDB - mariadb.org binary distribution
-- SO del servidor:              Win64
-- HeidiSQL Versión:             12.0.0.6507
-- --------------------------------------------------------

/*!40101 SET @OLD_CHARACTER_SET_CLIENT=@@CHARACTER_SET_CLIENT */;
/*!40101 SET NAMES utf8 */;
/*!50503 SET NAMES utf8mb4 */;
/*!40103 SET @OLD_TIME_ZONE=@@TIME_ZONE */;
/*!40103 SET TIME_ZONE='+00:00' */;
/*!40014 SET @OLD_FOREIGN_KEY_CHECKS=@@FOREIGN_KEY_CHECKS, FOREIGN_KEY_CHECKS=0 */;
/*!40101 SET @OLD_SQL_MODE=@@SQL_MODE, SQL_MODE='NO_AUTO_VALUE_ON_ZERO' */;
/*!40111 SET @OLD_SQL_NOTES=@@SQL_NOTES, SQL_NOTES=0 */;


-- Volcando estructura de base de datos para qplantest
DROP DATABASE IF EXISTS `qplantest`;
CREATE DATABASE IF NOT EXISTS `qplantest` /*!40100 DEFAULT CHARACTER SET latin1 COLLATE latin1_spanish_ci */;
USE `qplantest`;

-- Volcando estructura para tabla qplantest.anunciantes
DROP TABLE IF EXISTS `anunciantes`;
CREATE TABLE IF NOT EXISTS `anunciantes` (
  `id` bigint(20) NOT NULL AUTO_INCREMENT,
  `descripcion` varchar(255) DEFAULT NULL,
  `nombre_local` varchar(255) DEFAULT NULL,
  `user_id` bigint(20) DEFAULT NULL,
  PRIMARY KEY (`id`),
  KEY `FK8l6041j7l1llqvob2yyiafbid` (`user_id`),
  CONSTRAINT `FK8l6041j7l1llqvob2yyiafbid` FOREIGN KEY (`user_id`) REFERENCES `users` (`id`)
) ENGINE=InnoDB AUTO_INCREMENT=12 DEFAULT CHARSET=utf8mb4;

-- Volcando datos para la tabla qplantest.anunciantes: ~11 rows (aproximadamente)
INSERT INTO `anunciantes` (`id`, `descripcion`, `nombre_local`, `user_id`) VALUES
	(1, 'circuito de karts en Marbella', 'kartinng Chavez', 5),
	(2, 'centro cultural dedicado al cine tanto clasico como actual', 'cinemascope sevilla', 7),
	(3, 'tienda de musica en el corazon de huelva', 'vinilos rolo', 10),
	(4, 'Ludoteca ubicada en Baeza', 'ludoteca los 3 gatitos', 11),
	(5, 'Bar tipico en la bella ciudad de Cordoba nuestra expecialistas en carcoles', 'Bar el castillo', 12),
	(6, 'Agrupacion de aficionados al teatro no profesionales de Rota', 'Agrupacion teatral Roteña', 17),
	(7, 'tienda y centro recreativo de juegos de mesa ubcada en Tomares', 'juegos ortega', 18),
	(8, 'taller gastronomico en la ciudad de Malaga especialistas en cocina asiatica', 'Fusion gastro taller', 19),
	(9, 'La primera Roller disco del aljarafe ubicada en bormujos ven a divertirte mientras patinas y disfrutas de la musica', 'Roller disco Frasal', 20),
	(10, 'Protectora de animales trabajos en Antequeta y alrededores', 'Protectora de animales Antequera', 21),
	(11, 'Pub en el corazón de Jerez de la frontera con actuaciones en vivo y todos los viernes karaoke ', 'Pub Los Delicuentes', 22);

-- Volcando estructura para tabla qplantest.authorities
DROP TABLE IF EXISTS `authorities`;
CREATE TABLE IF NOT EXISTS `authorities` (
  `id` bigint(20) NOT NULL,
  `authority` varchar(255) DEFAULT NULL,
  PRIMARY KEY (`id`)
) ENGINE=InnoDB DEFAULT CHARSET=utf8mb4;

-- Volcando datos para la tabla qplantest.authorities: ~3 rows (aproximadamente)
INSERT INTO `authorities` (`id`, `authority`) VALUES
	(1, 'ROLE_ADMIN'),
	(2, 'ROLE_ANUNCIANTE'),
	(3, 'ROLE_CLIENTE');

-- Volcando estructura para tabla qplantest.authorities_users
DROP TABLE IF EXISTS `authorities_users`;
CREATE TABLE IF NOT EXISTS `authorities_users` (
  `usuario_id` bigint(20) NOT NULL,
  `authority_id` bigint(20) NOT NULL,
  KEY `FK6hlg4nht17sgy7ugba5o23wp8` (`authority_id`),
  KEY `FKdd97n3bbysw1io63cok0h3m0m` (`usuario_id`),
  CONSTRAINT `FK6hlg4nht17sgy7ugba5o23wp8` FOREIGN KEY (`authority_id`) REFERENCES `authorities` (`id`),
  CONSTRAINT `FKdd97n3bbysw1io63cok0h3m0m` FOREIGN KEY (`usuario_id`) REFERENCES `users` (`id`)
) ENGINE=InnoDB DEFAULT CHARSET=utf8mb4;

-- Volcando datos para la tabla qplantest.authorities_users: ~21 rows (aproximadamente)
INSERT INTO `authorities_users` (`usuario_id`, `authority_id`) VALUES
	(1, 3),
	(2, 3),
	(3, 3),
	(4, 3),
	(5, 2),
	(7, 2),
	(8, 1),
	(9, 3),
	(10, 2),
	(11, 2),
	(12, 2),
	(13, 3),
	(14, 3),
	(15, 3),
	(16, 3),
	(17, 2),
	(18, 2),
	(19, 2),
	(20, 2),
	(21, 2),
	(22, 2),
	(23, 1);

-- Volcando estructura para tabla qplantest.categorias
DROP TABLE IF EXISTS `categorias`;
CREATE TABLE IF NOT EXISTS `categorias` (
  `id` bigint(20) NOT NULL AUTO_INCREMENT,
  `icono` varchar(255) DEFAULT NULL,
  `nombre` varchar(255) DEFAULT NULL,
  PRIMARY KEY (`id`)
) ENGINE=InnoDB AUTO_INCREMENT=8 DEFAULT CHARSET=utf8mb4;

-- Volcando datos para la tabla qplantest.categorias: ~7 rows (aproximadamente)
INSERT INTO `categorias` (`id`, `icono`, `nombre`) VALUES
	(1, 'icon-listy icon-tea-cup-1', 'Gastronomia'),
	(2, 'icon-listy icon-building', 'Cultura'),
	(3, 'icon-listy icon-martini', 'Fiesta'),
	(4, 'icon-listy icon-car-1', 'Deportes/Motor'),
	(5, 'icon-listy icon-castle', 'Infantil'),
	(6, 'icon-listy icon-television', 'Cine'),
	(7, 'icon-listy icon-mall-1', 'Compras');

-- Volcando estructura para tabla qplantest.clientes
DROP TABLE IF EXISTS `clientes`;
CREATE TABLE IF NOT EXISTS `clientes` (
  `id` bigint(20) NOT NULL AUTO_INCREMENT,
  `fecha_nacimiento` datetime(6) DEFAULT NULL,
  `sexo` varchar(255) DEFAULT NULL,
  `user_id` bigint(20) DEFAULT NULL,
  PRIMARY KEY (`id`),
  KEY `FK5def6kac7mqai6r6leff8og2` (`user_id`),
  CONSTRAINT `FK5def6kac7mqai6r6leff8og2` FOREIGN KEY (`user_id`) REFERENCES `users` (`id`)
) ENGINE=InnoDB AUTO_INCREMENT=11 DEFAULT CHARSET=utf8mb4;

-- Volcando datos para la tabla qplantest.clientes: ~10 rows (aproximadamente)
INSERT INTO `clientes` (`id`, `fecha_nacimiento`, `sexo`, `user_id`) VALUES
	(1, '1998-11-07 00:00:00.000000', 'H', 1),
	(2, '1991-05-12 00:00:00.000000', 'H', 2),
	(3, '2002-05-19 00:00:00.000000', 'H', 3),
	(4, '1998-03-06 00:00:00.000000', 'M', 4),
	(5, '1996-08-04 00:00:00.000000', 'M', 8),
	(6, '1996-07-10 00:00:00.000000', 'H', 9),
	(7, '1968-06-19 00:00:00.000000', 'H', 13),
	(8, '1994-03-10 00:00:00.000000', 'H', 14),
	(9, '1991-09-10 00:00:00.000000', 'M', 15),
	(10, '1990-05-12 00:00:00.000000', 'H', 16);

-- Volcando estructura para tabla qplantest.clientes_lista_eventos
DROP TABLE IF EXISTS `clientes_lista_eventos`;
CREATE TABLE IF NOT EXISTS `clientes_lista_eventos` (
  `asistentes_eventos_id` bigint(20) NOT NULL,
  `lista_eventos_id` bigint(20) NOT NULL,
  UNIQUE KEY `UK_d0lp24ljula90x8eu510hhqaf` (`lista_eventos_id`),
  KEY `FK2n0ocvjue7pndl4l0ad3swbae` (`asistentes_eventos_id`),
  CONSTRAINT `FK2n0ocvjue7pndl4l0ad3swbae` FOREIGN KEY (`asistentes_eventos_id`) REFERENCES `clientes` (`id`),
  CONSTRAINT `FKfd9917vmy71m44d4wvfqsabw` FOREIGN KEY (`lista_eventos_id`) REFERENCES `eventos` (`id`)
) ENGINE=InnoDB DEFAULT CHARSET=utf8mb4;

-- Volcando datos para la tabla qplantest.clientes_lista_eventos: ~0 rows (aproximadamente)

-- Volcando estructura para tabla qplantest.codigos_postales
DROP TABLE IF EXISTS `codigos_postales`;
CREATE TABLE IF NOT EXISTS `codigos_postales` (
  `id` bigint(20) NOT NULL AUTO_INCREMENT,
  `codigo_postal` varchar(255) DEFAULT NULL,
  `localidad` varchar(255) DEFAULT NULL,
  `provincia` varchar(255) DEFAULT NULL,
  PRIMARY KEY (`id`)
) ENGINE=InnoDB AUTO_INCREMENT=779 DEFAULT CHARSET=utf8mb4;

-- Volcando datos para la tabla qplantest.codigos_postales: ~778 rows (aproximadamente)
INSERT INTO `codigos_postales` (`id`, `codigo_postal`, `localidad`, `provincia`) VALUES
	(1, '04001', 'Abla', 'Almería'),
	(2, '04002', 'Abrucena', 'Almería'),
	(3, '04003', 'Adra', 'Almería'),
	(4, '04004', 'Albánchez', 'Almería'),
	(5, '04005', 'Alboloduy', 'Almería'),
	(6, '04006', 'Albox', 'Almería'),
	(7, '04007', 'Alcolea', 'Almería'),
	(8, '04008', 'Alcóntar', 'Almería'),
	(9, '04009', 'Alcudia de Monteagud', 'Almería'),
	(10, '04010', 'Alhabia', 'Almería'),
	(11, '04011', 'Alhama de Almería', 'Almería'),
	(12, '04012', 'Alicún', 'Almería'),
	(13, '04013', 'Almería', 'Almería'),
	(14, '04014', 'Almócita', 'Almería'),
	(15, '04015', 'Alsodux', 'Almería'),
	(16, '04016', 'Antas', 'Almería'),
	(17, '04017', 'Arboleas', 'Almería'),
	(18, '04018', 'Armuña de Almanzora', 'Almería'),
	(19, '04019', 'Bacares', 'Almería'),
	(20, '04020', 'Bayárcal', 'Almería'),
	(21, '04021', 'Bayarque', 'Almería'),
	(22, '04022', 'Bédar', 'Almería'),
	(23, '04023', 'Beires', 'Almería'),
	(24, '04024', 'Benahadux', 'Almería'),
	(25, '04026', 'Benitagla', 'Almería'),
	(26, '04027', 'Benizalón', 'Almería'),
	(27, '04028', 'Bentarique', 'Almería'),
	(28, '04029', 'Berja', 'Almería'),
	(29, '04030', 'Canjáyar', 'Almería'),
	(30, '04031', 'Cantoria', 'Almería'),
	(31, '04032', 'Carboneras', 'Almería'),
	(32, '04033', 'Castro de Filabres', 'Almería'),
	(33, '04034', 'Cóbdar', 'Almería'),
	(34, '04035', 'Cuevas del Almanzora', 'Almería'),
	(35, '04036', 'Chercos', 'Almería'),
	(36, '04037', 'Chirivel', 'Almería'),
	(37, '04038', 'Dalías', 'Almería'),
	(38, '04041', 'Enix', 'Almería'),
	(39, '04043', 'Felix', 'Almería'),
	(40, '04044', 'Fines', 'Almería'),
	(41, '04045', 'Fiñana', 'Almería'),
	(42, '04046', 'Fondón', 'Almería'),
	(43, '04047', 'Gádor', 'Almería'),
	(44, '04048', 'Los Gallardos', 'Almería'),
	(45, '04049', 'Garrucha', 'Almería'),
	(46, '04050', 'Gérgal', 'Almería'),
	(47, '04051', 'Huécija', 'Almería'),
	(48, '04052', 'Huércal de Almería', 'Almería'),
	(49, '04053', 'Huércal-Overa', 'Almería'),
	(50, '04054', 'Illar', 'Almería'),
	(51, '04055', 'Instinción', 'Almería'),
	(52, '04056', 'Laroya', 'Almería'),
	(53, '04057', 'Láujar de Andarax', 'Almería'),
	(54, '04058', 'Líjar', 'Almería'),
	(55, '04059', 'Lubrín', 'Almería'),
	(56, '04060', 'Lucainena de las Torres', 'Almería'),
	(57, '04061', 'Lúcar', 'Almería'),
	(58, '04062', 'Macael', 'Almería'),
	(59, '04063', 'María', 'Almería'),
	(60, '04064', 'Mojácar', 'Almería'),
	(61, '04065', 'Nacimiento', 'Almería'),
	(62, '04066', 'Níjar', 'Almería'),
	(63, '04067', 'Ohanes', 'Almería'),
	(64, '04068', 'Olula de Castro', 'Almería'),
	(65, '04069', 'Olula del Río', 'Almería'),
	(66, '04070', 'Oria', 'Almería'),
	(67, '04071', 'Padules', 'Almería'),
	(68, '04072', 'Partaloa', 'Almería'),
	(69, '04073', 'Paterna del Río', 'Almería'),
	(70, '04074', 'Pechina', 'Almería'),
	(71, '04075', 'Pulpí', 'Almería'),
	(72, '04076', 'Purchena', 'Almería'),
	(73, '04077', 'Rágol', 'Almería'),
	(74, '04078', 'Rioja', 'Almería'),
	(75, '04079', 'Roquetas de Mar', 'Almería'),
	(76, '04080', 'Santa Cruz de Marchena', 'Almería'),
	(77, '04081', 'Santa Fe de Mondújar', 'Almería'),
	(78, '04082', 'Senés', 'Almería'),
	(79, '04083', 'Serón', 'Almería'),
	(80, '04084', 'Sierro', 'Almería'),
	(81, '04085', 'Somontín', 'Almería'),
	(82, '04086', 'Sorbas', 'Almería'),
	(83, '04087', 'Suflí', 'Almería'),
	(84, '04088', 'Tabernas', 'Almería'),
	(85, '04089', 'Taberno', 'Almería'),
	(86, '04090', 'Tahal', 'Almería'),
	(87, '04091', 'Terque', 'Almería'),
	(88, '04092', 'Tíjola', 'Almería'),
	(89, '04093', 'Turre', 'Almería'),
	(90, '04094', 'Turrillas', 'Almería'),
	(91, '04095', 'Uleila del Campo', 'Almería'),
	(92, '04096', 'Urrácal', 'Almería'),
	(93, '04097', 'Velefique', 'Almería'),
	(94, '04098', 'Vélez-Blanco', 'Almería'),
	(95, '04099', 'Vélez-Rubio', 'Almería'),
	(96, '04100', 'Vera', 'Almería'),
	(97, '04101', 'Viator', 'Almería'),
	(98, '04102', 'Vícar', 'Almería'),
	(99, '04103', 'Zurgena', 'Almería'),
	(100, '04901', 'Las Tres Villas', 'Almería'),
	(101, '04902', 'El Ejido', 'Almería'),
	(102, '04903', 'La Mojonera', 'Almería'),
	(103, '04904', 'Balanegra', 'Almería'),
	(104, '11001', 'Alcalá de los Gazules', 'Cádiz'),
	(105, '11002', 'Alcalá del Valle', 'Cádiz'),
	(106, '11003', 'Algar', 'Cádiz'),
	(107, '11004', 'Algeciras', 'Cádiz'),
	(108, '11005', 'Algodonales', 'Cádiz'),
	(109, '11006', 'Arcos de la Frontera', 'Cádiz'),
	(110, '11007', 'Barbate', 'Cádiz'),
	(111, '11008', 'Los Barrios', 'Cádiz'),
	(112, '11009', 'Benaocaz', 'Cádiz'),
	(113, '11010', 'Bornos', 'Cádiz'),
	(114, '11011', 'El Bosque', 'Cádiz'),
	(115, '11012', 'Cádiz', 'Cádiz'),
	(116, '11013', 'Castellar de la Frontera', 'Cádiz'),
	(117, '11014', 'Conil de la Frontera', 'Cádiz'),
	(118, '11015', 'Chiclana de la Frontera', 'Cádiz'),
	(119, '11016', 'Chipiona', 'Cádiz'),
	(120, '11017', 'Espera', 'Cádiz'),
	(121, '11018', 'El Gastor', 'Cádiz'),
	(122, '11019', 'Grazalema', 'Cádiz'),
	(123, '11020', 'Jerez de la Frontera', 'Cádiz'),
	(124, '11021', 'Jimena de la Frontera', 'Cádiz'),
	(125, '11022', 'La Línea de la Concepción', 'Cádiz'),
	(126, '11023', 'Medina-Sidonia', 'Cádiz'),
	(127, '11024', 'Olvera', 'Cádiz'),
	(128, '11025', 'Paterna de Rivera', 'Cádiz'),
	(129, '11026', 'Prado del Rey', 'Cádiz'),
	(130, '11027', 'El Puerto de Santa María', 'Cádiz'),
	(131, '11028', 'Puerto Real', 'Cádiz'),
	(132, '11029', 'Puerto Serrano', 'Cádiz'),
	(133, '11030', 'Rota', 'Cádiz'),
	(134, '11031', 'San Fernando', 'Cádiz'),
	(135, '11032', 'Sanlúcar de Barrameda', 'Cádiz'),
	(136, '11033', 'San Roque', 'Cádiz'),
	(137, '11034', 'Setenil de las Bodegas', 'Cádiz'),
	(138, '11035', 'Tarifa', 'Cádiz'),
	(139, '11036', 'Torre Alháquime', 'Cádiz'),
	(140, '11037', 'Trebujena', 'Cádiz'),
	(141, '11038', 'Ubrique', 'Cádiz'),
	(142, '11039', 'Vejer de la Frontera', 'Cádiz'),
	(143, '11040', 'Villaluenga del Rosario', 'Cádiz'),
	(144, '11041', 'Villamartín', 'Cádiz'),
	(145, '11042', 'Zahara', 'Cádiz'),
	(146, '11901', 'Benalup-Casas Viejas', 'Cádiz'),
	(147, '11902', 'San José del Valle', 'Cádiz'),
	(148, '14001', 'Adamuz', 'Córdoba'),
	(149, '14002', 'Aguilar de la Frontera', 'Córdoba'),
	(150, '14003', 'Alcaracejos', 'Córdoba'),
	(151, '14004', 'Almedinilla', 'Córdoba'),
	(152, '14005', 'Almodóvar del Río', 'Córdoba'),
	(153, '14006', 'Añora', 'Córdoba'),
	(154, '14007', 'Baena', 'Córdoba'),
	(155, '14008', 'Belalcázar', 'Córdoba'),
	(156, '14009', 'Belmez', 'Córdoba'),
	(157, '14010', 'Benamejí', 'Córdoba'),
	(158, '14011', 'Los Blázquez', 'Córdoba'),
	(159, '14012', 'Bujalance', 'Córdoba'),
	(160, '14013', 'Cabra', 'Córdoba'),
	(161, '14014', 'Cañete de las Torres', 'Córdoba'),
	(162, '14015', 'Carcabuey', 'Córdoba'),
	(163, '14016', 'Cardeña', 'Córdoba'),
	(164, '14017', 'La Carlota', 'Córdoba'),
	(165, '14018', 'El Carpio', 'Córdoba'),
	(166, '14019', 'Castro del Río', 'Córdoba'),
	(167, '14020', 'Conquista', 'Córdoba'),
	(168, '14021', 'Córdoba', 'Córdoba'),
	(169, '14022', 'Doña Mencía', 'Córdoba'),
	(170, '14023', 'Dos Torres', 'Córdoba'),
	(171, '14024', 'Encinas Reales', 'Córdoba'),
	(172, '14025', 'Espejo', 'Córdoba'),
	(173, '14026', 'Espiel', 'Córdoba'),
	(174, '14027', 'Fernán-Núñez', 'Córdoba'),
	(175, '14028', 'Fuente la Lancha', 'Córdoba'),
	(176, '14029', 'Fuente Obejuna', 'Córdoba'),
	(177, '14030', 'Fuente Palmera', 'Córdoba'),
	(178, '14031', 'Fuente-Tójar', 'Córdoba'),
	(179, '14032', 'La Granjuela', 'Córdoba'),
	(180, '14033', 'Guadalcázar', 'Córdoba'),
	(181, '14034', 'El Guijo', 'Córdoba'),
	(182, '14035', 'Hinojosa del Duque', 'Córdoba'),
	(183, '14036', 'Hornachuelos', 'Córdoba'),
	(184, '14037', 'Iznájar', 'Córdoba'),
	(185, '14038', 'Lucena', 'Córdoba'),
	(186, '14039', 'Luque', 'Córdoba'),
	(187, '14040', 'Montalbán de Córdoba', 'Córdoba'),
	(188, '14041', 'Montemayor', 'Córdoba'),
	(189, '14042', 'Montilla', 'Córdoba'),
	(190, '14043', 'Montoro', 'Córdoba'),
	(191, '14044', 'Monturque', 'Córdoba'),
	(192, '14045', 'Moriles', 'Córdoba'),
	(193, '14046', 'Nueva Carteya', 'Córdoba'),
	(194, '14047', 'Obejo', 'Córdoba'),
	(195, '14048', 'Palenciana', 'Córdoba'),
	(196, '14049', 'Palma del Río', 'Córdoba'),
	(197, '14050', 'Pedro Abad', 'Córdoba'),
	(198, '14051', 'Pedroche', 'Córdoba'),
	(199, '14052', 'Peñarroya-Pueblonuevo', 'Córdoba'),
	(200, '14053', 'Posadas', 'Córdoba'),
	(201, '14054', 'Pozoblanco', 'Córdoba'),
	(202, '14055', 'Priego de Córdoba', 'Córdoba'),
	(203, '14056', 'Puente Genil', 'Córdoba'),
	(204, '14057', 'La Rambla', 'Córdoba'),
	(205, '14058', 'Rute', 'Córdoba'),
	(206, '14059', 'San Sebastián de los Ballesteros', 'Córdoba'),
	(207, '14060', 'Santaella', 'Córdoba'),
	(208, '14061', 'Santa Eufemia', 'Córdoba'),
	(209, '14062', 'Torrecampo', 'Córdoba'),
	(210, '14063', 'Valenzuela', 'Córdoba'),
	(211, '14064', 'Valsequillo', 'Córdoba'),
	(212, '14065', 'La Victoria', 'Córdoba'),
	(213, '14066', 'Villa del Río', 'Córdoba'),
	(214, '14067', 'Villafranca de Córdoba', 'Córdoba'),
	(215, '14068', 'Villaharta', 'Córdoba'),
	(216, '14069', 'Villanueva de Córdoba', 'Córdoba'),
	(217, '14070', 'Villanueva del Duque', 'Córdoba'),
	(218, '14071', 'Villanueva del Rey', 'Córdoba'),
	(219, '14072', 'Villaralto', 'Córdoba'),
	(220, '14073', 'Villaviciosa de Córdoba', 'Córdoba'),
	(221, '14074', 'El Viso', 'Córdoba'),
	(222, '14075', 'Zuheros', 'Córdoba'),
	(223, '18001', 'Agrón', 'Granada'),
	(224, '18002', 'Alamedilla', 'Granada'),
	(225, '18003', 'Albolote', 'Granada'),
	(226, '18004', 'Albondón', 'Granada'),
	(227, '18005', 'Albuñán', 'Granada'),
	(228, '18006', 'Albuñol', 'Granada'),
	(229, '18007', 'Albuñuelas', 'Granada'),
	(230, '18010', 'Aldeire', 'Granada'),
	(231, '18011', 'Alfacar', 'Granada'),
	(232, '18012', 'Algarinejo', 'Granada'),
	(233, '18013', 'Alhama de Granada', 'Granada'),
	(234, '18014', 'Alhendín', 'Granada'),
	(235, '18015', 'Alicún de Ortega', 'Granada'),
	(236, '18016', 'Almegíjar', 'Granada'),
	(237, '18017', 'Almuñécar', 'Granada'),
	(238, '18018', 'Alquife', 'Granada'),
	(239, '18020', 'Arenas del Rey', 'Granada'),
	(240, '18021', 'Armilla', 'Granada'),
	(241, '18022', 'Atarfe', 'Granada'),
	(242, '18023', 'Baza', 'Granada'),
	(243, '18024', 'Beas de Granada', 'Granada'),
	(244, '18025', 'Beas de Guadix', 'Granada'),
	(245, '18027', 'Benalúa', 'Granada'),
	(246, '18028', 'Benalúa de las Villas', 'Granada'),
	(247, '18029', 'Benamaurel', 'Granada'),
	(248, '18030', 'Bérchules', 'Granada'),
	(249, '18032', 'Bubión', 'Granada'),
	(250, '18033', 'Busquístar', 'Granada'),
	(251, '18034', 'Cacín', 'Granada'),
	(252, '18035', 'Cádiar', 'Granada'),
	(253, '18036', 'Cájar', 'Granada'),
	(254, '18037', 'Calicasas', 'Granada'),
	(255, '18038', 'Campotéjar', 'Granada'),
	(256, '18039', 'Caniles', 'Granada'),
	(257, '18040', 'Cáñar', 'Granada'),
	(258, '18042', 'Capileira', 'Granada'),
	(259, '18043', 'Carataunas', 'Granada'),
	(260, '18044', 'Cástaras', 'Granada'),
	(261, '18045', 'Castilléjar', 'Granada'),
	(262, '18046', 'Castril', 'Granada'),
	(263, '18047', 'Cenes de la Vega', 'Granada'),
	(264, '18048', 'Cijuela', 'Granada'),
	(265, '18049', 'Cogollos de Guadix', 'Granada'),
	(266, '18050', 'Cogollos de la Vega', 'Granada'),
	(267, '18051', 'Colomera', 'Granada'),
	(268, '18053', 'Cortes de Baza', 'Granada'),
	(269, '18054', 'Cortes y Graena', 'Granada'),
	(270, '18056', 'Cúllar', 'Granada'),
	(271, '18057', 'Cúllar Vega', 'Granada'),
	(272, '18059', 'Chauchina', 'Granada'),
	(273, '18061', 'Chimeneas', 'Granada'),
	(274, '18062', 'Churriana de la Vega', 'Granada'),
	(275, '18063', 'Darro', 'Granada'),
	(276, '18064', 'Dehesas de Guadix', 'Granada'),
	(277, '18065', 'Dehesas Viejas', 'Granada'),
	(278, '18066', 'Deifontes', 'Granada'),
	(279, '18067', 'Diezma', 'Granada'),
	(280, '18068', 'Dílar', 'Granada'),
	(281, '18069', 'Dólar', 'Granada'),
	(282, '18070', 'Dúdar', 'Granada'),
	(283, '18071', 'Dúrcal', 'Granada'),
	(284, '18072', 'Escúzar', 'Granada'),
	(285, '18074', 'Ferreira', 'Granada'),
	(286, '18076', 'Fonelas', 'Granada'),
	(287, '18078', 'Freila', 'Granada'),
	(288, '18079', 'Fuente Vaqueros', 'Granada'),
	(289, '18082', 'Galera', 'Granada'),
	(290, '18083', 'Gobernador', 'Granada'),
	(291, '18084', 'Gójar', 'Granada'),
	(292, '18085', 'Gor', 'Granada'),
	(293, '18086', 'Gorafe', 'Granada'),
	(294, '18087', 'Granada', 'Granada'),
	(295, '18088', 'Guadahortuna', 'Granada'),
	(296, '18089', 'Guadix', 'Granada'),
	(297, '18093', 'Gualchos', 'Granada'),
	(298, '18094', 'Güejar Sierra', 'Granada'),
	(299, '18095', 'Güevéjar', 'Granada'),
	(300, '18096', 'Huélago', 'Granada'),
	(301, '18097', 'Huéneja', 'Granada'),
	(302, '18098', 'Huéscar', 'Granada'),
	(303, '18099', 'Huétor de Santillán', 'Granada'),
	(304, '18100', 'Huétor Tájar', 'Granada'),
	(305, '18101', 'Huétor Vega', 'Granada'),
	(306, '18102', 'Íllora', 'Granada'),
	(307, '18103', 'Ítrabo', 'Granada'),
	(308, '18105', 'Iznalloz', 'Granada'),
	(309, '18106', 'Játar', 'Granada'),
	(310, '18107', 'Jayena', 'Granada'),
	(311, '18108', 'Jerez del Marquesado', 'Granada'),
	(312, '18109', 'Jete', 'Granada'),
	(313, '18111', 'Jun', 'Granada'),
	(314, '18112', 'Juviles', 'Granada'),
	(315, '18114', 'La Calahorra', 'Granada'),
	(316, '18115', 'Láchar', 'Granada'),
	(317, '18116', 'Lanjarón', 'Granada'),
	(318, '18117', 'Lanteira', 'Granada'),
	(319, '18119', 'Lecrín', 'Granada'),
	(320, '18120', 'Lentegí', 'Granada'),
	(321, '18121', 'Lobras', 'Granada'),
	(322, '18122', 'Loja', 'Granada'),
	(323, '18123', 'Lugros', 'Granada'),
	(324, '18124', 'Lújar', 'Granada'),
	(325, '18126', 'La Malahá', 'Granada'),
	(326, '18127', 'Maracena', 'Granada'),
	(327, '18128', 'Marchal', 'Granada'),
	(328, '18132', 'Moclín', 'Granada'),
	(329, '18133', 'Molvízar', 'Granada'),
	(330, '18134', 'Monachil', 'Granada'),
	(331, '18135', 'Montefrío', 'Granada'),
	(332, '18136', 'Montejícar', 'Granada'),
	(333, '18137', 'Montillana', 'Granada'),
	(334, '18138', 'Moraleda de Zafayona', 'Granada'),
	(335, '18140', 'Motril', 'Granada'),
	(336, '18141', 'Murtas', 'Granada'),
	(337, '18143', 'Nigüelas', 'Granada'),
	(338, '18144', 'Nívar', 'Granada'),
	(339, '18145', 'Ogíjares', 'Granada'),
	(340, '18146', 'Orce', 'Granada'),
	(341, '18147', 'Órgiva', 'Granada'),
	(342, '18148', 'Otívar', 'Granada'),
	(343, '18149', 'Villa de Otura', 'Granada'),
	(344, '18150', 'Padul', 'Granada'),
	(345, '18151', 'Pampaneira', 'Granada'),
	(346, '18152', 'Pedro Martínez', 'Granada'),
	(347, '18153', 'Peligros', 'Granada'),
	(348, '18154', 'La Peza', 'Granada'),
	(349, '18157', 'Pinos Genil', 'Granada'),
	(350, '18158', 'Pinos Puente', 'Granada'),
	(351, '18159', 'Piñar', 'Granada'),
	(352, '18161', 'Polícar', 'Granada'),
	(353, '18162', 'Polopos', 'Granada'),
	(354, '18163', 'Pórtugos', 'Granada'),
	(355, '18164', 'Puebla de Don Fadrique', 'Granada'),
	(356, '18165', 'Pulianas', 'Granada'),
	(357, '18167', 'Purullena', 'Granada'),
	(358, '18168', 'Quéntar', 'Granada'),
	(359, '18170', 'Rubite', 'Granada'),
	(360, '18171', 'Salar', 'Granada'),
	(361, '18173', 'Salobreña', 'Granada'),
	(362, '18174', 'Santa Cruz del Comercio', 'Granada'),
	(363, '18175', 'Santa Fe', 'Granada'),
	(364, '18176', 'Soportújar', 'Granada'),
	(365, '18177', 'Sorvilán', 'Granada'),
	(366, '18178', 'Torre-Cardela', 'Granada'),
	(367, '18179', 'Torvizcón', 'Granada'),
	(368, '18180', 'Trevélez', 'Granada'),
	(369, '18181', 'Turón', 'Granada'),
	(370, '18182', 'Ugíjar', 'Granada'),
	(371, '18183', 'Válor', 'Granada'),
	(372, '18184', 'Vélez de Benaudalla', 'Granada'),
	(373, '18185', 'Ventas de Huelma', 'Granada'),
	(374, '18187', 'Villanueva de las Torres', 'Granada'),
	(375, '18188', 'Villanueva Mesía', 'Granada'),
	(376, '18189', 'Víznar', 'Granada'),
	(377, '18192', 'Zafarraya', 'Granada'),
	(378, '18193', 'La Zubia', 'Granada'),
	(379, '18194', 'Zújar', 'Granada'),
	(380, '18901', 'La Taha', 'Granada'),
	(381, '18902', 'El Valle', 'Granada'),
	(382, '18903', 'Nevada', 'Granada'),
	(383, '18904', 'Alpujarra de la Sierra', 'Granada'),
	(384, '18905', 'Las Gabias', 'Granada'),
	(385, '18906', 'Los Guájares', 'Granada'),
	(386, '18907', 'Valle del Zalabí', 'Granada'),
	(387, '18908', 'Villamena', 'Granada'),
	(388, '18909', 'Morelábor', 'Granada'),
	(389, '18910', 'El Pinar', 'Granada'),
	(390, '18911', 'Vegas del Genil', 'Granada'),
	(391, '18912', 'Cuevas del Campo', 'Granada'),
	(392, '18913', 'Zagra', 'Granada'),
	(393, '18914', 'Valderrubio', 'Granada'),
	(394, '18915', 'Domingo Pérez de Granada', 'Granada'),
	(395, '21001', 'Alájar', 'Huelva'),
	(396, '21002', 'Aljaraque', 'Huelva'),
	(397, '21003', 'El Almendro', 'Huelva'),
	(398, '21004', 'Almonaster la Real', 'Huelva'),
	(399, '21005', 'Almonte', 'Huelva'),
	(400, '21006', 'Alosno', 'Huelva'),
	(401, '21007', 'Aracena', 'Huelva'),
	(402, '21008', 'Aroche', 'Huelva'),
	(403, '21009', 'Arroyomolinos de León', 'Huelva'),
	(404, '21010', 'Ayamonte', 'Huelva'),
	(405, '21011', 'Beas', 'Huelva'),
	(406, '21012', 'Berrocal', 'Huelva'),
	(407, '21013', 'Bollullos Par del Condado', 'Huelva'),
	(408, '21014', 'Bonares', 'Huelva'),
	(409, '21015', 'Cabezas Rubias', 'Huelva'),
	(410, '21016', 'Cala', 'Huelva'),
	(411, '21017', 'Calañas', 'Huelva'),
	(412, '21018', 'El Campillo', 'Huelva'),
	(413, '21019', 'Campofrío', 'Huelva'),
	(414, '21020', 'Cañaveral de León', 'Huelva'),
	(415, '21021', 'Cartaya', 'Huelva'),
	(416, '21022', 'Castaño del Robledo', 'Huelva'),
	(417, '21023', 'El Cerro de Andévalo', 'Huelva'),
	(418, '21024', 'Corteconcepción', 'Huelva'),
	(419, '21025', 'Cortegana', 'Huelva'),
	(420, '21026', 'Cortelazor', 'Huelva'),
	(421, '21027', 'Cumbres de Enmedio', 'Huelva'),
	(422, '21028', 'Cumbres de San Bartolomé', 'Huelva'),
	(423, '21029', 'Cumbres Mayores', 'Huelva'),
	(424, '21030', 'Chucena', 'Huelva'),
	(425, '21031', 'Encinasola', 'Huelva'),
	(426, '21032', 'Escacena del Campo', 'Huelva'),
	(427, '21033', 'Fuenteheridos', 'Huelva'),
	(428, '21034', 'Galaroza', 'Huelva'),
	(429, '21035', 'Gibraleón', 'Huelva'),
	(430, '21036', 'La Granada de Río-Tinto', 'Huelva'),
	(431, '21037', 'El Granado', 'Huelva'),
	(432, '21038', 'Higuera de la Sierra', 'Huelva'),
	(433, '21039', 'Hinojales', 'Huelva'),
	(434, '21040', 'Hinojos', 'Huelva'),
	(435, '21041', 'Huelva', 'Huelva'),
	(436, '21042', 'Isla Cristina', 'Huelva'),
	(437, '21043', 'Jabugo', 'Huelva'),
	(438, '21044', 'Lepe', 'Huelva'),
	(439, '21045', 'Linares de la Sierra', 'Huelva'),
	(440, '21046', 'Lucena del Puerto', 'Huelva'),
	(441, '21047', 'Manzanilla', 'Huelva'),
	(442, '21048', 'Los Marines', 'Huelva'),
	(443, '21049', 'Minas de Riotinto', 'Huelva'),
	(444, '21050', 'Moguer', 'Huelva'),
	(445, '21051', 'La Nava', 'Huelva'),
	(446, '21052', 'Nerva', 'Huelva'),
	(447, '21053', 'Niebla', 'Huelva'),
	(448, '21054', 'La Palma del Condado', 'Huelva'),
	(449, '21055', 'Palos de la Frontera', 'Huelva'),
	(450, '21056', 'Paterna del Campo', 'Huelva'),
	(451, '21057', 'Paymogo', 'Huelva'),
	(452, '21058', 'Puebla de Guzmán', 'Huelva'),
	(453, '21059', 'Puerto Moral', 'Huelva'),
	(454, '21060', 'Punta Umbría', 'Huelva'),
	(455, '21061', 'Rociana del Condado', 'Huelva'),
	(456, '21062', 'Rosal de la Frontera', 'Huelva'),
	(457, '21063', 'San Bartolomé de la Torre', 'Huelva'),
	(458, '21064', 'San Juan del Puerto', 'Huelva'),
	(459, '21065', 'Sanlúcar de Guadiana', 'Huelva'),
	(460, '21066', 'San Silvestre de Guzmán', 'Huelva'),
	(461, '21067', 'Santa Ana la Real', 'Huelva'),
	(462, '21068', 'Santa Bárbara de Casa', 'Huelva'),
	(463, '21069', 'Santa Olalla del Cala', 'Huelva'),
	(464, '21070', 'Trigueros', 'Huelva'),
	(465, '21071', 'Valdelarco', 'Huelva'),
	(466, '21072', 'Valverde del Camino', 'Huelva'),
	(467, '21073', 'Villablanca', 'Huelva'),
	(468, '21074', 'Villalba del Alcor', 'Huelva'),
	(469, '21075', 'Villanueva de las Cruces', 'Huelva'),
	(470, '21076', 'Villanueva de los Castillejos', 'Huelva'),
	(471, '21077', 'Villarrasa', 'Huelva'),
	(472, '21078', 'Zalamea la Real', 'Huelva'),
	(473, '21079', 'Zufre', 'Huelva'),
	(474, '23001', 'Albánchez de Mágina', 'Jaén'),
	(475, '23002', 'Alcalá la Real', 'Jaén'),
	(476, '23003', 'Alcaudete', 'Jaén'),
	(477, '23004', 'Aldeaquemada', 'Jaén'),
	(478, '23005', 'Andújar', 'Jaén'),
	(479, '23006', 'Arjona', 'Jaén'),
	(480, '23007', 'Arjonilla', 'Jaén'),
	(481, '23008', 'Arquillos', 'Jaén'),
	(482, '23009', 'Baeza', 'Jaén'),
	(483, '23010', 'Bailén', 'Jaén'),
	(484, '23011', 'Baños de la Encina', 'Jaén'),
	(485, '23012', 'Beas de Segura', 'Jaén'),
	(486, '23014', 'Begíjar', 'Jaén'),
	(487, '23015', 'Bélmez de la Moraleda', 'Jaén'),
	(488, '23016', 'Benatae', 'Jaén'),
	(489, '23017', 'Cabra de Santo Cristo', 'Jaén'),
	(490, '23018', 'Cambil', 'Jaén'),
	(491, '23019', 'Campillo de Arenas', 'Jaén'),
	(492, '23020', 'Canena', 'Jaén'),
	(493, '23021', 'Carboneros', 'Jaén'),
	(494, '23024', 'La Carolina', 'Jaén'),
	(495, '23025', 'Castellar', 'Jaén'),
	(496, '23026', 'Castillo de Locubín', 'Jaén'),
	(497, '23027', 'Cazalilla', 'Jaén'),
	(498, '23028', 'Cazorla', 'Jaén'),
	(499, '23029', 'Chiclana de Segura', 'Jaén'),
	(500, '23030', 'Chilluévar', 'Jaén'),
	(501, '23031', 'Escañuela', 'Jaén'),
	(502, '23032', 'Espelúy', 'Jaén'),
	(503, '23033', 'Frailes', 'Jaén'),
	(504, '23034', 'Fuensanta de Martos', 'Jaén'),
	(505, '23035', 'Fuerte del Rey', 'Jaén'),
	(506, '23037', 'Génave', 'Jaén'),
	(507, '23038', 'La Guardia de Jaén', 'Jaén'),
	(508, '23039', 'Guarromán', 'Jaén'),
	(509, '23040', 'Lahiguera', 'Jaén'),
	(510, '23041', 'Higuera de Calatrava', 'Jaén'),
	(511, '23042', 'Hinojares', 'Jaén'),
	(512, '23043', 'Hornos', 'Jaén'),
	(513, '23044', 'Huelma', 'Jaén'),
	(514, '23045', 'Huesa', 'Jaén'),
	(515, '23046', 'Ibros', 'Jaén'),
	(516, '23047', 'La Iruela', 'Jaén'),
	(517, '23048', 'Iznatoraf', 'Jaén'),
	(518, '23049', 'Jabalquinto', 'Jaén'),
	(519, '23050', 'Jaén', 'Jaén'),
	(520, '23051', 'Jamilena', 'Jaén'),
	(521, '23052', 'Jimena', 'Jaén'),
	(522, '23053', 'Jódar', 'Jaén'),
	(523, '23054', 'Larva', 'Jaén'),
	(524, '23055', 'Linares', 'Jaén'),
	(525, '23056', 'Lopera', 'Jaén'),
	(526, '23057', 'Lupión', 'Jaén'),
	(527, '23058', 'Mancha Real', 'Jaén'),
	(528, '23059', 'Marmolejo', 'Jaén'),
	(529, '23060', 'Martos', 'Jaén'),
	(530, '23061', 'Mengíbar', 'Jaén'),
	(531, '23062', 'Montizón', 'Jaén'),
	(532, '23063', 'Navas de San Juan', 'Jaén'),
	(533, '23064', 'Noalejo', 'Jaén'),
	(534, '23065', 'Orcera', 'Jaén'),
	(535, '23066', 'Peal de Becerro', 'Jaén'),
	(536, '23067', 'Pegalajar', 'Jaén'),
	(537, '23069', 'Porcuna', 'Jaén'),
	(538, '23070', 'Pozo Alcón', 'Jaén'),
	(539, '23071', 'Puente de Génave', 'Jaén'),
	(540, '23072', 'La Puerta de Segura', 'Jaén'),
	(541, '23073', 'Quesada', 'Jaén'),
	(542, '23074', 'Rus', 'Jaén'),
	(543, '23075', 'Sabiote', 'Jaén'),
	(544, '23076', 'Santa Elena', 'Jaén'),
	(545, '23077', 'Santiago de Calatrava', 'Jaén'),
	(546, '23079', 'Santisteban del Puerto', 'Jaén'),
	(547, '23080', 'Santo Tomé', 'Jaén'),
	(548, '23081', 'Segura de la Sierra', 'Jaén'),
	(549, '23082', 'Siles', 'Jaén'),
	(550, '23084', 'Sorihuela del Guadalimar', 'Jaén'),
	(551, '23085', 'Torreblascopedro', 'Jaén'),
	(552, '23086', 'Torredelcampo', 'Jaén'),
	(553, '23087', 'Torredonjimeno', 'Jaén'),
	(554, '23088', 'Torreperogil', 'Jaén'),
	(555, '23090', 'Torres', 'Jaén'),
	(556, '23091', 'Torres de Albánchez', 'Jaén'),
	(557, '23092', 'Úbeda', 'Jaén'),
	(558, '23093', 'Valdepeñas de Jaén', 'Jaén'),
	(559, '23094', 'Vilches', 'Jaén'),
	(560, '23095', 'Villacarrillo', 'Jaén'),
	(561, '23096', 'Villanueva de la Reina', 'Jaén'),
	(562, '23097', 'Villanueva del Arzobispo', 'Jaén'),
	(563, '23098', 'Villardompardo', 'Jaén'),
	(564, '23099', 'Los Villares', 'Jaén'),
	(565, '23101', 'Villarrodrigo', 'Jaén'),
	(566, '23901', 'Cárcheles', 'Jaén'),
	(567, '23902', 'Bedmar y Garcíez', 'Jaén'),
	(568, '23903', 'Villatorres', 'Jaén'),
	(569, '23904', 'Santiago-Pontones', 'Jaén'),
	(570, '23905', 'Arroyo del Ojanco', 'Jaén'),
	(571, '29001', 'Alameda', 'Málaga'),
	(572, '29002', 'Alcaucín', 'Málaga'),
	(573, '29003', 'Alfarnate', 'Málaga'),
	(574, '29004', 'Alfarnatejo', 'Málaga'),
	(575, '29005', 'Algarrobo', 'Málaga'),
	(576, '29006', 'Algatocín', 'Málaga'),
	(577, '29007', 'Alhaurín de la Torre', 'Málaga'),
	(578, '29008', 'Alhaurín el Grande', 'Málaga'),
	(579, '29009', 'Almáchar', 'Málaga'),
	(580, '29010', 'Almargen', 'Málaga'),
	(581, '29011', 'Almogía', 'Málaga'),
	(582, '29012', 'Álora', 'Málaga'),
	(583, '29013', 'Alozaina', 'Málaga'),
	(584, '29014', 'Alpandeire', 'Málaga'),
	(585, '29015', 'Antequera', 'Málaga'),
	(586, '29016', 'Árchez', 'Málaga'),
	(587, '29017', 'Archidona', 'Málaga'),
	(588, '29018', 'Ardales', 'Málaga'),
	(589, '29019', 'Arenas', 'Málaga'),
	(590, '29020', 'Arriate', 'Málaga'),
	(591, '29021', 'Atajate', 'Málaga'),
	(592, '29022', 'Benadalid', 'Málaga'),
	(593, '29023', 'Benahavís', 'Málaga'),
	(594, '29024', 'Benalauría', 'Málaga'),
	(595, '29025', 'Benalmádena', 'Málaga'),
	(596, '29026', 'Benamargosa', 'Málaga'),
	(597, '29027', 'Benamocarra', 'Málaga'),
	(598, '29028', 'Benaoján', 'Málaga'),
	(599, '29029', 'Benarrabá', 'Málaga'),
	(600, '29030', 'El Borge', 'Málaga'),
	(601, '29031', 'El Burgo', 'Málaga'),
	(602, '29032', 'Campillos', 'Málaga'),
	(603, '29033', 'Canillas de Aceituno', 'Málaga'),
	(604, '29034', 'Canillas de Albaida', 'Málaga'),
	(605, '29035', 'Cañete la Real', 'Málaga'),
	(606, '29036', 'Carratraca', 'Málaga'),
	(607, '29037', 'Cartajima', 'Málaga'),
	(608, '29038', 'Cártama', 'Málaga'),
	(609, '29039', 'Casabermeja', 'Málaga'),
	(610, '29040', 'Casarabonela', 'Málaga'),
	(611, '29041', 'Casares', 'Málaga'),
	(612, '29042', 'Coín', 'Málaga'),
	(613, '29043', 'Colmenar', 'Málaga'),
	(614, '29044', 'Comares', 'Málaga'),
	(615, '29045', 'Cómpeta', 'Málaga'),
	(616, '29046', 'Cortes de la Frontera', 'Málaga'),
	(617, '29047', 'Cuevas Bajas', 'Málaga'),
	(618, '29048', 'Cuevas del Becerro', 'Málaga'),
	(619, '29049', 'Cuevas de San Marcos', 'Málaga'),
	(620, '29050', 'Cútar', 'Málaga'),
	(621, '29051', 'Estepona', 'Málaga'),
	(622, '29052', 'Faraján', 'Málaga'),
	(623, '29053', 'Frigiliana', 'Málaga'),
	(624, '29054', 'Fuengirola', 'Málaga'),
	(625, '29055', 'Fuente de Piedra', 'Málaga'),
	(626, '29056', 'Gaucín', 'Málaga'),
	(627, '29057', 'Genalguacil', 'Málaga'),
	(628, '29058', 'Guaro', 'Málaga'),
	(629, '29059', 'Humilladero', 'Málaga'),
	(630, '29060', 'Igualeja', 'Málaga'),
	(631, '29061', 'Istán', 'Málaga'),
	(632, '29062', 'Iznate', 'Málaga'),
	(633, '29063', 'Jimera de Líbar', 'Málaga'),
	(634, '29064', 'Jubrique', 'Málaga'),
	(635, '29065', 'Júzcar', 'Málaga'),
	(636, '29066', 'Macharaviaya', 'Málaga'),
	(637, '29067', 'Málaga', 'Málaga'),
	(638, '29068', 'Manilva', 'Málaga'),
	(639, '29069', 'Marbella', 'Málaga'),
	(640, '29070', 'Mijas', 'Málaga'),
	(641, '29071', 'Moclinejo', 'Málaga'),
	(642, '29072', 'Mollina', 'Málaga'),
	(643, '29073', 'Monda', 'Málaga'),
	(644, '29074', 'Montejaque', 'Málaga'),
	(645, '29075', 'Nerja', 'Málaga'),
	(646, '29076', 'Ojén', 'Málaga'),
	(647, '29077', 'Parauta', 'Málaga'),
	(648, '29079', 'Periana', 'Málaga'),
	(649, '29080', 'Pizarra', 'Málaga'),
	(650, '29081', 'Pujerra', 'Málaga'),
	(651, '29082', 'Rincón de la Victoria', 'Málaga'),
	(652, '29083', 'Riogordo', 'Málaga'),
	(653, '29084', 'Ronda', 'Málaga'),
	(654, '29085', 'Salares', 'Málaga'),
	(655, '29086', 'Sayalonga', 'Málaga'),
	(656, '29087', 'Sedella', 'Málaga'),
	(657, '29088', 'Sierra de Yeguas', 'Málaga'),
	(658, '29089', 'Teba', 'Málaga'),
	(659, '29090', 'Tolox', 'Málaga'),
	(660, '29091', 'Torrox', 'Málaga'),
	(661, '29092', 'Totalán', 'Málaga'),
	(662, '29093', 'Valle de Abdalajís', 'Málaga'),
	(663, '29094', 'Vélez-Málaga', 'Málaga'),
	(664, '29095', 'Villanueva de Algaidas', 'Málaga'),
	(665, '29096', 'Villanueva del Rosario', 'Málaga'),
	(666, '29097', 'Villanueva del Trabuco', 'Málaga'),
	(667, '29098', 'Villanueva de Tapia', 'Málaga'),
	(668, '29099', 'Viñuela', 'Málaga'),
	(669, '29100', 'Yunquera', 'Málaga'),
	(670, '29901', 'Torremolinos', 'Málaga'),
	(671, '29902', 'Villanueva de la Concepción', 'Málaga'),
	(672, '29903', 'Montecorto', 'Málaga'),
	(673, '29904', 'Serrato', 'Málaga'),
	(674, '41001', 'Aguadulce', 'Sevilla'),
	(675, '41002', 'Alanís', 'Sevilla'),
	(676, '41003', 'Albaida del Aljarafe', 'Sevilla'),
	(677, '41004', 'Alcalá de Guadaíra', 'Sevilla'),
	(678, '41005', 'Alcalá del Río', 'Sevilla'),
	(679, '41006', 'Alcolea del Río', 'Sevilla'),
	(680, '41007', 'La Algaba', 'Sevilla'),
	(681, '41008', 'Algámitas', 'Sevilla'),
	(682, '41009', 'Almadén de la Plata', 'Sevilla'),
	(683, '41010', 'Almensilla', 'Sevilla'),
	(684, '41011', 'Arahal', 'Sevilla'),
	(685, '41012', 'Aznalcázar', 'Sevilla'),
	(686, '41013', 'Aznalcóllar', 'Sevilla'),
	(687, '41014', 'Badolatosa', 'Sevilla'),
	(688, '41015', 'Benacazón', 'Sevilla'),
	(689, '41016', 'Bollullos de la Mitación', 'Sevilla'),
	(690, '41017', 'Bormujos', 'Sevilla'),
	(691, '41018', 'Brenes', 'Sevilla'),
	(692, '41019', 'Burguillos', 'Sevilla'),
	(693, '41020', 'Las Cabezas de San Juan', 'Sevilla'),
	(694, '41021', 'Camas', 'Sevilla'),
	(695, '41022', 'La Campana', 'Sevilla'),
	(696, '41023', 'Cantillana', 'Sevilla'),
	(697, '41024', 'Carmona', 'Sevilla'),
	(698, '41025', 'Carrión de los Céspedes', 'Sevilla'),
	(699, '41026', 'Casariche', 'Sevilla'),
	(700, '41027', 'Castiblanco de los Arroyos', 'Sevilla'),
	(701, '41028', 'Castilleja de Guzmán', 'Sevilla'),
	(702, '41029', 'Castilleja de la Cuesta', 'Sevilla'),
	(703, '41030', 'Castilleja del Campo', 'Sevilla'),
	(704, '41031', 'El Castillo de las Guardas', 'Sevilla'),
	(705, '41032', 'Cazalla de la Sierra', 'Sevilla'),
	(706, '41033', 'Constantina', 'Sevilla'),
	(707, '41034', 'Coria del Río', 'Sevilla'),
	(708, '41035', 'Coripe', 'Sevilla'),
	(709, '41036', 'El Coronil', 'Sevilla'),
	(710, '41037', 'Los Corrales', 'Sevilla'),
	(711, '41038', 'Dos Hermanas', 'Sevilla'),
	(712, '41039', 'Écija', 'Sevilla'),
	(713, '41040', 'Espartinas', 'Sevilla'),
	(714, '41041', 'Estepa', 'Sevilla'),
	(715, '41042', 'Fuentes de Andalucía', 'Sevilla'),
	(716, '41043', 'El Garrobo', 'Sevilla'),
	(717, '41044', 'Gelves', 'Sevilla'),
	(718, '41045', 'Gerena', 'Sevilla'),
	(719, '41046', 'Gilena', 'Sevilla'),
	(720, '41047', 'Gines', 'Sevilla'),
	(721, '41048', 'Guadalcanal', 'Sevilla'),
	(722, '41049', 'Guillena', 'Sevilla'),
	(723, '41050', 'Herrera', 'Sevilla'),
	(724, '41051', 'Huévar del Aljarafe', 'Sevilla'),
	(725, '41052', 'Lantejuela', 'Sevilla'),
	(726, '41053', 'Lebrija', 'Sevilla'),
	(727, '41054', 'Lora de Estepa', 'Sevilla'),
	(728, '41055', 'Lora del Río', 'Sevilla'),
	(729, '41056', 'La Luisiana', 'Sevilla'),
	(730, '41057', 'El Madroño', 'Sevilla'),
	(731, '41058', 'Mairena del Alcor', 'Sevilla'),
	(732, '41059', 'Mairena del Aljarafe', 'Sevilla'),
	(733, '41060', 'Marchena', 'Sevilla'),
	(734, '41061', 'Marinaleda', 'Sevilla'),
	(735, '41062', 'Martín de la Jara', 'Sevilla'),
	(736, '41063', 'Los Molares', 'Sevilla'),
	(737, '41064', 'Montellano', 'Sevilla'),
	(738, '41065', 'Morón de la Frontera', 'Sevilla'),
	(739, '41066', 'Las Navas de la Concepción', 'Sevilla'),
	(740, '41067', 'Olivares', 'Sevilla'),
	(741, '41068', 'Osuna', 'Sevilla'),
	(742, '41069', 'Los Palacios y Villafranca', 'Sevilla'),
	(743, '41070', 'Palomares del Río', 'Sevilla'),
	(744, '41071', 'Paradas', 'Sevilla'),
	(745, '41072', 'Pedrera', 'Sevilla'),
	(746, '41073', 'El Pedroso', 'Sevilla'),
	(747, '41074', 'Peñaflor', 'Sevilla'),
	(748, '41075', 'Pilas', 'Sevilla'),
	(749, '41076', 'Pruna', 'Sevilla'),
	(750, '41077', 'La Puebla de Cazalla', 'Sevilla'),
	(751, '41078', 'La Puebla de los Infantes', 'Sevilla'),
	(752, '41079', 'La Puebla del Río', 'Sevilla'),
	(753, '41080', 'El Real de la Jara', 'Sevilla'),
	(754, '41081', 'La Rinconada', 'Sevilla'),
	(755, '41082', 'La Roda de Andalucía', 'Sevilla'),
	(756, '41083', 'El Ronquillo', 'Sevilla'),
	(757, '41084', 'El Rubio', 'Sevilla'),
	(758, '41085', 'Salteras', 'Sevilla'),
	(759, '41086', 'San Juan de Aznalfarache', 'Sevilla'),
	(760, '41087', 'Sanlúcar la Mayor', 'Sevilla'),
	(761, '41088', 'San Nicolás del Puerto', 'Sevilla'),
	(762, '41089', 'Santiponce', 'Sevilla'),
	(763, '41090', 'El Saucejo', 'Sevilla'),
	(764, '41091', 'Sevilla', 'Sevilla'),
	(765, '41092', 'Tocina', 'Sevilla'),
	(766, '41093', 'Tomares', 'Sevilla'),
	(767, '41094', 'Umbrete', 'Sevilla'),
	(768, '41095', 'Utrera', 'Sevilla'),
	(769, '41096', 'Valencina de la Concepción', 'Sevilla'),
	(770, '41097', 'Villamanrique de la Condesa', 'Sevilla'),
	(771, '41098', 'Villanueva del Ariscal', 'Sevilla'),
	(772, '41099', 'Villanueva del Río y Minas', 'Sevilla'),
	(773, '41100', 'Villanueva de San Juan', 'Sevilla'),
	(774, '41101', 'Villaverde del Río', 'Sevilla'),
	(775, '41102', 'El Viso del Alcor', 'Sevilla'),
	(776, '41901', 'Cañada Rosal', 'Sevilla'),
	(777, '41902', 'Isla Mayor', 'Sevilla'),
	(778, '41903', 'El Cuervo de Sevilla', 'Sevilla');

-- Volcando estructura para tabla qplantest.eventos
DROP TABLE IF EXISTS `eventos`;
CREATE TABLE IF NOT EXISTS `eventos` (
  `id` bigint(20) NOT NULL AUTO_INCREMENT,
  `aforo` int(11) DEFAULT NULL,
  `descripcion` varchar(5000) DEFAULT NULL,
  `direccion` varchar(255) DEFAULT NULL,
  `estado` int(11) DEFAULT NULL,
  `fecha_fin` datetime(6) DEFAULT NULL,
  `fecha_inicio` datetime(6) DEFAULT NULL,
  `imagen` varchar(255) DEFAULT NULL,
  `nombre_evento` varchar(255) NOT NULL,
  `anunciante_id` bigint(20) DEFAULT NULL,
  `categoria_id` bigint(20) DEFAULT NULL,
  `codigo_postal_id` bigint(20) DEFAULT NULL,
  PRIMARY KEY (`id`),
  KEY `FKrvickgd6d7q6cicjaxmlurf0v` (`anunciante_id`),
  KEY `FKqi3b3v5fljg5p9layc2qpk98p` (`categoria_id`),
  KEY `FKic4ps81aa80pamrm4sqcy0cax` (`codigo_postal_id`),
  CONSTRAINT `FKic4ps81aa80pamrm4sqcy0cax` FOREIGN KEY (`codigo_postal_id`) REFERENCES `codigos_postales` (`id`),
  CONSTRAINT `FKqi3b3v5fljg5p9layc2qpk98p` FOREIGN KEY (`categoria_id`) REFERENCES `categorias` (`id`),
  CONSTRAINT `FKrvickgd6d7q6cicjaxmlurf0v` FOREIGN KEY (`anunciante_id`) REFERENCES `anunciantes` (`id`)
) ENGINE=InnoDB AUTO_INCREMENT=14 DEFAULT CHARSET=utf8mb4;

-- Volcando datos para la tabla qplantest.eventos: ~13 rows (aproximadamente)
INSERT INTO `eventos` (`id`, `aforo`, `descripcion`, `direccion`, `estado`, `fecha_fin`, `fecha_inicio`, `imagen`, `nombre_evento`, `anunciante_id`, `categoria_id`, `codigo_postal_id`) VALUES
	(1, 15, 'Competicion llena de adrenalina en Karting Chavez edad minima para participar:18 años precio de inscripción:10e (incluye entrada y dorsal para la carrera) ', 'Crta Marbella k6', 1, '2022-05-12 00:00:00.000000', '2022-05-12 00:00:00.000000', 'https://img.grouponcdn.com/deal/3BVy3w2qLo5wmYLAHFgHsdjr2MH5/3B-1944x1164/v1/t600x362.jpg', 'Mini copa de karts Marbella', 1, 4, 639),
	(2, 100, 'Mercadillo de vinilos solidario a favor de las familias en riesgo de exclusion social en Huelva patrocina Vinilos Rolo y ayuntamiento Huelva', 'Ronda Exterior Zona Sur, s/n', 1, '2022-09-11 00:00:00.000000', '2022-09-11 00:00:00.000000', 'https://encrypted-tbn0.gstatic.com/images?q=tbn:ANd9GcS9lQm4M2kAh9jkbefl57xIuCOSKv05ud3xXA&usqp=CAU', 'Mercadillo solidario de vinilos', 3, 7, 435),
	(3, 25, 'Cineforum para la visualizacion y foro de debate sobre las 3 peliculas originales de la saga starwars (duracion 3 dias) entrada 2,5e  ', 'C. Zaragoza, 11', 1, '2022-05-07 00:00:00.000000', '2022-05-05 00:00:00.000000', 'https://i.blogs.es/0a5e7f/starwars1/450_1000.jpg', 'Cineforum Star wars trilogia clasica', 2, 6, 764),
	(4, 30, 'Fiesta para los mas peques para combatir el calor piscina juegos y muchas sorpresas mas (los niños deven traer bañador chanclas y toalla)', 'c. El Rojo, 6', 1, '2022-07-22 00:00:00.000000', '2022-07-22 00:00:00.000000', 'https://www.criarconsentidocomun.com/wp-content/uploads/2019/07/agua4.jpeg', 'Fiesta del agua ', 4, 5, 482),
	(5, 30, 'Maraton de ls peliculas de El señor de los anillos todas en version extendida se haran pausas de 45 min entre cada pelicula ademas de contar con apreitivos y bebidas entrada 2,5e', 'C. Zaragoza, 11', 1, '2022-09-11 00:00:00.000000', '2022-09-11 00:00:00.000000', 'https://i.pinimg.com/originals/77/b1/e4/77b1e413ff173495e49b0d76517829a2.jpg', 'Maraton ESDLA', 2, 6, 764),
	(6, 60, '3ª edicion de nuestro concurso de carcoles otro años os invitamos a visitarnos y probar nuestras nuevas recetas de caracoles los 3 sabores mas populares seran añadidos a nuestra carta permanente mas de 15 opciones para proobar durante una semana (precio por tapa 2,5e) ', 'Av. Granada, 12', 1, '2022-09-18 00:00:00.000000', '2022-09-12 00:00:00.000000', 'https://static.eldiario.es/clip/0cdbae7f-6387-41e6-9bba-c0d63abbeb91_16-9-aspect-ratio_default_0.jpg', 'Concurso de caracoles en cordoba', 5, 1, 168),
	(7, 36, 'La agrupacion de actores amateurs se enorgullece de hacer su primera representacion en las tablas de teatro de Rota se trata de un retresentacion de la famosa obra de teatro La Celestina de Fernando de Rojas la representacion se realizara el proximo dia 6 de octubre a las 20:00 solicitamos la presencia de los asistentes almenos 30 min antes para poder acomodarlos venta de entradas en el mismo teatro a partir del dia 5 de octubre precio de la entrada 3e la recaudacion sera donada a caritas  ', 'Av. San Fernando, 79', 1, '2022-10-06 00:00:00.000000', '2022-10-06 00:00:00.000000', 'https://festivalmedieval.com/wp-content/uploads/2019/10/LaCelestina.jpg', 'Representacion teatral La Celestina', 6, 2, 133),
	(8, 20, '1ª jornadas de rol para peques una semana apasionante donde os enseñaremos como jugar a juego de mesa , montar partidas de rol y muchas mas cosas (edad a partir de 10 años entrada gratuita hasta completar aforo ) ', 'Av. del Olivar, local 10', 1, '2022-09-11 00:00:00.000000', '2022-09-05 00:00:00.000000', 'https://diario.madrid.es/latina/wp-content/uploads/sites/19/2017/09/JUEGO-ROL-TABLERO-1000x750.jpg', 'Jornadas para pequeños roleros', 7, 5, 766),
	(9, 24, 'Taller para aprender a hacer shusi y talvez encontrar atún de tu nigiri clases impartidas por nuestro experto chef de shusi los participantes seran emparejados de manera aleatoria ¡ inscribete ya! ', 'C. Córdoba, 6, Local 1', 1, '2022-10-04 00:00:00.000000', '2022-10-04 00:00:00.000000', 'https://www.revistamasviajes.com/wp-content/uploads/2020/02/Misssushi-sushi.jpg', 'Taller de shusi para solteros', 8, 1, 637),
	(10, 80, 'Gran inauguracion del primer Roller disco del aljarafe ven a disfrutar de nuestras instalaciones servicios de alquiler de patines el dia 26 se realizara el concurso de disfraces de los 80 el ganador obtendra un abono de entrada ilimitado por 1 año ', 'C. Menendez Pidal, 1', 1, '2022-06-26 00:00:00.000000', '2022-06-20 00:00:00.000000', 'https://good2b.es/wp-content/uploads/2017/09/fdfbe3aa-1163-4ab9-a156-4a39ae4146b4.jpg', 'Gran inauguracion Roller disco', 9, 3, 690),
	(11, 120, 'Carrera solidaria con mascotas ven con tu peludo a nuestra 1º carrera solidaria los veneficios seran utilizados para las capañas de esterilizacion y cuidados de animales abandonados incribete y recoge tu dorsal en suestra asociacion (precio : 5e)', 'Av. José María Fernández, 5', 1, '2022-09-15 00:00:00.000000', '2022-09-15 00:00:00.000000', 'https://offloadmedia.feverup.com/madridsecreto.co/wp-content/uploads/2019/09/20105038/perroton-madrid-2-1024x597-1.jpg', '1er Perrotrón solidario en Antequera', 10, 4, 585),
	(12, 40, 'Desde Pub Los Delincuentes no satisface presentales a los Coriente Alterna un gurpo local de versiones de AC/DC que amenizaran la noche del 17/06/2022 a partir de la 22:00 entrada gratuita ', 'C. San pablo, 7', 1, '2022-06-17 00:00:00.000000', '2022-06-17 00:00:00.000000', 'https://lh3.googleusercontent.com/1w6p0HP_Vv5jUmcivW1pAH988XyPILmssUK51Nv7ygPF-9EBO8quHhqOs20oOzTkeGO4kor37_3M_r1iSYAKdUXL7A1aKPGltw=w640-e365', 'Concierto  de Corriente Alterna', 11, 3, 123),
	(13, 200, 'El popolar escritor de literatura fantastica estará en nuestra tienda firmando libros tambien podreis adquirir su ultima publicacion bunny el malo ', 'Av. del Olivar, local 10', 1, '2022-06-20 00:00:00.000000', '2022-06-20 00:00:00.000000', 'https://webosfritos.es/wp-content/uploads/2012/06/6465542869_febed17e03_b1-849x437.jpg', 'Firma de libros de Benito Antonio Martínez Ocasio', 7, 7, 766);

-- Volcando estructura para tabla qplantest.hibernate_sequence
DROP TABLE IF EXISTS `hibernate_sequence`;
CREATE TABLE IF NOT EXISTS `hibernate_sequence` (
  `next_val` bigint(20) DEFAULT NULL
) ENGINE=InnoDB DEFAULT CHARSET=utf8mb4;

-- Volcando datos para la tabla qplantest.hibernate_sequence: ~1 rows (aproximadamente)
INSERT INTO `hibernate_sequence` (`next_val`) VALUES
	(1);

-- Volcando estructura para tabla qplantest.users
DROP TABLE IF EXISTS `users`;
CREATE TABLE IF NOT EXISTS `users` (
  `id` bigint(20) NOT NULL AUTO_INCREMENT,
  `apellidos` varchar(255) DEFAULT NULL,
  `email` varchar(255) NOT NULL,
  `estado_activo` bit(1) NOT NULL,
  `fecha_alta` datetime(6) DEFAULT NULL,
  `nombre` varchar(255) DEFAULT NULL,
  `password` varchar(255) NOT NULL,
  `telefono` varchar(255) DEFAULT NULL,
  PRIMARY KEY (`id`),
  UNIQUE KEY `UK_6dotkott2kjsp8vw4d0m25fb7` (`email`)
) ENGINE=InnoDB AUTO_INCREMENT=24 DEFAULT CHARSET=utf8mb4;

-- Volcando datos para la tabla qplantest.users: ~23 rows (aproximadamente)
INSERT INTO `users` (`id`, `apellidos`, `email`, `estado_activo`, `fecha_alta`, `nombre`, `password`, `telefono`) VALUES
	(1, 'Sanchez', 'pepsan@gmail.com', b'1', '2022-05-30 01:28:31.000000', 'Pepe', '$2a$04$DG3Mz5qvzZ4zz6Y2hV1d5u8v9CSMf.wx9wwgcWVVKOKFLFNV1x.CO', '698735421'),
	(2, 'montaño', 'fumonti@gmail.com', b'1', '2022-05-30 01:28:36.000000', 'fulgencio', '$2a$04$zkz.bvjGZSF9.rWDdEC/xe1EfNviEKnh6lY.YpaE7nFag9x1VgARW', '698321547'),
	(3, 'Japon', 'juja@gmail.com', b'1', '2022-05-30 01:28:38.000000', 'juan', '$2a$04$CvVcrP1MJ4vcvsZAYirKk.b7SIGATi9R0f4Yno0s.nkNP3AJi.t4.', '687532145'),
	(4, 'Sanchez', 'masa@gmail.com', b'1', '2022-05-30 01:28:31.000000', 'Maria', '$2a$04$PeayaekhQrlOd6qDRWx/Z.4guja/CPxiz7Lcly35P6roDyt5pzq7K', '689325147'),
	(5, 'Chavez', 'kartingChavez@gmail.com', b'1', '2022-05-30 01:28:40.000000', 'Ramon', '$2a$04$qSZxg4ef9t9Y5tdmf05C3uAICrcCrZiYRxaYfRZSfnIFCZQ7nAj8a', '654821944'),
	(6, 'pelaez', 'sape@gmail.com', b'1', '2022-05-30 01:28:34.000000', 'Sara', '$2a$04$kk/cQlP3Y6NpdC2IuGdZbOYcTe6GB4DOnhIYBlmduMitW8diFvGTW', '687412398'),
	(7, 'Rodrigez', 'silrog@gmail.com', b'1', '2022-05-30 01:28:33.000000', 'Silvia', '$2a$04$Gy5E8pRyXbVjSKbCF5g.OesxXvXCrQEGCKgImGTfws3eySsLlBQCO', '954361263'),
	(8, 'pino', 'rapi@gmail.com', b'1', '2022-05-30 01:28:34.000000', 'Raquel', '$2a$04$wnII1mTgoNB41tSUudoaPeu0MZ86uw8veJHxyIuiaKy0fVPyMHM42', '654321987'),
	(9, 'Rodrigez', 'toro@gmail.com', b'1', '2022-05-30 01:28:33.000000', 'torivio', '$2a$04$spbF9fTpatLdl5HAN4MFg.cMR/nrJU767ydNKqvl/DmkC5mfqku5W', '674682319'),
	(10, 'Lopez', 'rolo@gmail.com', b'1', '2022-05-30 01:28:37.000000', 'Roberto', '$2a$04$N0oaSALvIN25sbQo5yI2Y.GZQMBOzWLJFcWOeJPLgr7QpNShYOfX.', '954896321'),
	(11, 'Hernandez', 'ludoteca3gatitos@gmail.com', b'1', '2022-05-30 01:28:39.000000', 'Marta', '$2a$04$HYCNUv1R.fCktAdFMGbDXe2dck0W9CUhSwfcFCv/G8Wy1KsPNWs8i', '693428751'),
	(12, 'Castillo', 'barcastillo@gmail.com', b'1', '2022-05-30 01:28:40.000000', 'Carlos', '$2a$04$aezLtbicbTfWxXtr.Q9LuemxT7C9GmqgBTW1uz6a7ZqMv09q/EMry', '938752146'),
	(13, 'Garcia', 'segar@gmail.com', b'1', '2022-05-30 01:28:39.000000', 'Segundo', '$2a$04$TlO1WsF3EWmHfG.APMR1D.cCdA.g4jhtrGfv21ouG.svmaY3QGPcy', '638214597'),
	(14, 'Martínez Ocasio', 'badbuni@gmail.com', b'1', '2022-05-30 01:28:37.000000', 'Benito Antonio ', '$2a$04$4pJD2/7H4P29UL8AOxrDseZURJGA5cPA8Ht3d0AqnnG4xeZ3gtoVG', '639821547'),
	(15, 'Torres', 'clato@gmail.com', b'1', '2022-05-30 01:28:30.000000', 'Claudia', '$2a$04$qK5qxv6BtevMpXXpTpqz7.97F811czt3FQjDY7PoK3pp5zKlv9Hci', '671194234'),
	(16, 'Parque', 'pepa@gmail.com', b'1', '2022-05-30 01:28:35.000000', 'Pedro ', '$2a$04$8pWtICaKeD.ZRiMNAEOO5eFuIIpUJrBXaxD0/PKGIb1ZJsENTK27e', '616000616'),
	(17, 'Blanco', 'Clabla@gmail.com', b'1', '2022-05-30 01:28:42.000000', 'Clara', '$2a$04$GBtqDB.Mrhxquh7P3EkTduWpn6sb/aeQkoxnL0OWRcjSXrtWjD8Lu', '963215478'),
	(18, 'Ortega', 'juesgortga@gmail.com', b'1', '2022-05-30 01:28:35.000000', 'Fernando ', '$2a$04$lG3Z2aFQiNGzI0HIOc/5g.KxPsRiDQ5E2iyWQj39wIVdlC1aaN26G', '934628157'),
	(19, 'Trasverso', 'fusiongastro@gmail.com', b'1', '2022-05-30 01:28:28.000000', 'Patricia', '$2a$04$Z2Ta25XJmLIsfpVSxfX7wOYsEq.0XbMTSoHHJAXxixpkr0f5/x7P2', '693154287'),
	(20, 'Salas', 'rollerdiscofrasal@gmail.com', b'1', '2022-05-30 01:28:32.000000', 'Francisco', '$2a$04$jdI1lckDkotd9oYG8jk/FunmIaLuY/tuWzbcgLZEaqKj4O/EfSSky', '986312547'),
	(21, 'Bueno', 'Protectoraantequera@gmail.com', b'1', '2022-05-30 01:28:41.000000', 'Tamara', '$2a$04$/knHCwrUmRJpTqVCIgvYiOZqRCHWzfI4RSb2XVYL6b9.FuGuH7kL2', '983416572'),
	(22, 'Torres', 'PubDelincuentesJerez@gmail.com', b'1', '2022-05-30 01:28:29.000000', 'Jaime ', '$2a$04$49EALt0I0JQlWE/01xY/b..11zAEpl0yicPVbUCTijWIm3qEMEnEy', '963125478'),
	(23, NULL, 'admin@admin.com', b'1', '2022-05-30 01:28:43.000000', NULL, '$2a$04$YRIA/H6Nyej0djEl5JWPK.E1Rl2w6Hn6XrYDwCE0mZRUNco1S4o8i', NULL);

/*!40103 SET TIME_ZONE=IFNULL(@OLD_TIME_ZONE, 'system') */;
/*!40101 SET SQL_MODE=IFNULL(@OLD_SQL_MODE, '') */;
/*!40014 SET FOREIGN_KEY_CHECKS=IFNULL(@OLD_FOREIGN_KEY_CHECKS, 1) */;
/*!40101 SET CHARACTER_SET_CLIENT=@OLD_CHARACTER_SET_CLIENT */;
/*!40111 SET SQL_NOTES=IFNULL(@OLD_SQL_NOTES, 1) */;
